Dates,SPX Index,NDX Index,XAU Curncy,DXY Curncy,EHFI251 Index,EHFI451 Index,EHFI453 Index,EHPIUS Index,GDP CQOQ Index
28/09/1990,306.05,177.06,408.4,85.91,#N/A N/A,#N/A N/A,#N/A N/A,5.53,0.3
31/10/1990,304,172.56,379.5,83.27,#N/A N/A,#N/A N/A,#N/A N/A,5.53,0.3
30/11/1990,322.22,192.66,384.85,82.94,#N/A N/A,#N/A N/A,#N/A N/A,5.53,0.3
31/12/1990,330.22,200.53,382.8,83.12,#N/A N/A,#N/A N/A,#N/A N/A,6.23,-3.6
31/01/1991,343.93,232.43,366,82,#N/A N/A,#N/A N/A,#N/A N/A,6.23,-3.6
28/02/1991,367.07,250.12,362.7,84.07,#N/A N/A,#N/A N/A,#N/A N/A,6.23,-3.6
29/03/1991,375.22,264.9,355.65,92.01,#N/A N/A,#N/A N/A,#N/A N/A,5.3,-1.9
30/04/1991,375.35,263.65,357.75,91.54,#N/A N/A,#N/A N/A,#N/A N/A,5.3,-1.9
31/05/1991,389.83,279,360.4,93.15,#N/A N/A,#N/A N/A,#N/A N/A,5.3,-1.9
28/06/1991,371.16,254.19,368.35,96.03,#N/A N/A,#N/A N/A,#N/A N/A,4.87,3.2
31/07/1991,387.81,272.15,362.85,93.49,#N/A N/A,#N/A N/A,#N/A N/A,4.87,3.2
30/08/1991,395.43,287.4,347.4,93.49,#N/A N/A,#N/A N/A,#N/A N/A,4.87,3.2
30/09/1991,387.86,287.54,354.9,89.9,#N/A N/A,#N/A N/A,#N/A N/A,3.87,2
31/10/1991,392.46,292.51,357.45,89.94,#N/A N/A,#N/A N/A,#N/A N/A,3.87,2
29/11/1991,375.22,284.79,366.3,88.19,#N/A N/A,#N/A N/A,#N/A N/A,3.87,2
31/12/1991,417.09,330.86,353.15,83.53,#N/A N/A,#N/A N/A,#N/A N/A,3,1.4
31/01/1992,408.79,338.31,354.1,87.49,#N/A N/A,#N/A N/A,#N/A N/A,3,1.4
28/02/1992,412.7,345.88,353.75,88.99,#N/A N/A,#N/A N/A,#N/A N/A,3,1.4
31/03/1992,403.69,323.05,341.7,89.65,#N/A N/A,#N/A N/A,#N/A N/A,2.87,4.9
30/04/1992,414.95,307.86,336.35,89.62,#N/A N/A,#N/A N/A,#N/A N/A,2.87,4.9
29/05/1992,415.35,315.3,337.5,87.22,#N/A N/A,#N/A N/A,#N/A N/A,2.87,4.9
30/06/1992,408.14,301.23,343.4,83.72,#N/A N/A,#N/A N/A,#N/A N/A,3.1,4.4
31/07/1992,424.21,310.9,357.85,81.91,#N/A N/A,#N/A N/A,#N/A N/A,3.1,4.4
31/08/1992,414.03,299.26,342,78.88,#N/A N/A,#N/A N/A,#N/A N/A,3.1,4.4
30/09/1992,417.8,313.18,349,81.1,#N/A N/A,#N/A N/A,#N/A N/A,3.1,4
30/10/1992,418.68,329.15,339.25,87.63,#N/A N/A,#N/A N/A,#N/A N/A,3.1,4
30/11/1992,431.35,350.96,334.2,90.83,#N/A N/A,#N/A N/A,#N/A N/A,3.1,4
31/12/1992,435.71,360.18,332.9,92.36,#N/A N/A,#N/A N/A,#N/A N/A,3.03,4.2
29/01/1993,438.78,370.56,330.45,92.46,#N/A N/A,#N/A N/A,#N/A N/A,3.03,4.2
26/02/1993,443.38,351.14,327.6,94.01,#N/A N/A,#N/A N/A,#N/A N/A,3.03,4.2
31/03/1993,451.67,359.42,337.8,91.87,#N/A N/A,#N/A N/A,#N/A N/A,3.2,0.7
30/04/1993,440.19,339.94,354.3,89.5,#N/A N/A,#N/A N/A,#N/A N/A,3.2,0.7
31/05/1993,450.19,368.11,374.75,89.08,#N/A N/A,#N/A N/A,#N/A N/A,3.2,0.7
30/06/1993,450.53,366.13,378.45,93.61,#N/A N/A,#N/A N/A,#N/A N/A,3.13,2.3
30/07/1993,448.13,352.87,401.75,95.37,#N/A N/A,#N/A N/A,#N/A N/A,3.13,2.3
31/08/1993,463.56,372.65,371.55,93.95,#N/A N/A,#N/A N/A,#N/A N/A,3.13,2.3
30/09/1993,458.93,382.72,355.5,92.82,#N/A N/A,#N/A N/A,#N/A N/A,2.77,1.9
29/10/1993,467.83,390.99,369.6,95.08,#N/A N/A,#N/A N/A,#N/A N/A,2.77,1.9
30/11/1993,461.79,386.76,370.9,96.21,#N/A N/A,#N/A N/A,#N/A N/A,2.77,1.9
31/12/1993,466.45,398.28,390.7,96.84,#N/A N/A,#N/A N/A,#N/A N/A,2.73,5.5
31/01/1994,481.61,413.99,377.9,95.59,#N/A N/A,#N/A N/A,#N/A N/A,2.73,5.5
28/02/1994,467.14,412.17,381.55,94.55,#N/A N/A,#N/A N/A,#N/A N/A,2.73,5.5
31/03/1994,445.77,382.96,389.2,93.06,#N/A N/A,#N/A N/A,#N/A N/A,2.5,3.9
29/04/1994,450.91,373.25,376.45,92.12,#N/A N/A,#N/A N/A,#N/A N/A,2.5,3.9
31/05/1994,456.5,378.85,387.6,92.52,#N/A N/A,#N/A N/A,#N/A N/A,2.5,3.9
30/06/1994,444.27,360.3,388.25,89.62,#N/A N/A,#N/A N/A,#N/A N/A,2.4,5.5
29/07/1994,458.26,370.16,384,89.87,#N/A N/A,#N/A N/A,#N/A N/A,2.4,5.5
31/08/1994,475.49,397.9,385.75,89.67,#N/A N/A,#N/A N/A,#N/A N/A,2.4,5.5
30/09/1994,462.69,393.85,394.85,87.88,#N/A N/A,#N/A N/A,#N/A N/A,2.9,2.4
31/10/1994,472.35,413.05,383.85,85.69,#N/A N/A,#N/A N/A,#N/A N/A,2.9,2.4
30/11/1994,453.69,404.82,383.1,89.13,#N/A N/A,#N/A N/A,#N/A N/A,2.9,2.4
30/12/1994,459.27,404.27,383.2,88.72,#N/A N/A,#N/A N/A,#N/A N/A,2.67,4.7
31/01/1995,470.42,405.33,375.1,87.99,#N/A N/A,#N/A N/A,#N/A N/A,2.67,4.7
28/02/1995,487.39,432.5,377.1,85.93,#N/A N/A,#N/A N/A,#N/A N/A,2.67,4.7
31/03/1995,500.71,447.15,391.4,81.9,#N/A N/A,#N/A N/A,#N/A N/A,2.87,1.4
28/04/1995,514.71,469.56,387.1,81.8,#N/A N/A,#N/A N/A,#N/A N/A,2.87,1.4
31/05/1995,533.4,488.1,384.3,82.57,#N/A N/A,#N/A N/A,#N/A N/A,2.87,1.4
30/06/1995,544.75,538.03,384.6,81.58,#N/A N/A,#N/A N/A,#N/A N/A,3.1,1.2
31/07/1995,562.06,568.88,382.6,81.57,#N/A N/A,#N/A N/A,#N/A N/A,3.1,1.2
31/08/1995,561.88,576.77,382.75,85.57,#N/A N/A,#N/A N/A,#N/A N/A,3.1,1.2
29/09/1995,584.41,585.08,384,84.29,#N/A N/A,#N/A N/A,#N/A N/A,2.63,3.4
31/10/1995,581.5,598.78,383,83.66,#N/A N/A,#N/A N/A,#N/A N/A,2.63,3.4
30/11/1995,605.37,593.72,387.8,85.26,#N/A N/A,#N/A N/A,#N/A N/A,2.63,3.4
29/12/1995,615.93,576.23,387.1,84.76,#N/A N/A,#N/A N/A,#N/A N/A,2.63,2.7
31/01/1996,636.02,591.82,406.3,87.38,#N/A N/A,#N/A N/A,#N/A N/A,2.63,2.7
29/02/1996,640.43,622.83,400.75,86.31,#N/A N/A,#N/A N/A,#N/A N/A,2.63,2.7
29/03/1996,645.5,609.69,395.95,86.52,#N/A N/A,#N/A N/A,#N/A N/A,2.73,3
30/04/1996,654.17,666.73,391.35,88.02,#N/A N/A,#N/A N/A,#N/A N/A,2.73,3
31/05/1996,669.12,692.39,391.8,87.78,#N/A N/A,#N/A N/A,#N/A N/A,2.73,3
28/06/1996,670.63,677.3,382.35,87.82,#N/A N/A,#N/A N/A,#N/A N/A,2.87,6.8
31/07/1996,639.95,636.01,385.35,85.9,#N/A N/A,#N/A N/A,#N/A N/A,2.87,6.8
30/08/1996,651.99,663.57,386.1,86.36,#N/A N/A,#N/A N/A,#N/A N/A,2.87,6.8
30/09/1996,687.31,737.58,378.05,87.94,#N/A N/A,#N/A N/A,#N/A N/A,2.97,3.6
31/10/1996,705.27,751.99,379.05,87.43,#N/A N/A,#N/A N/A,#N/A N/A,2.97,3.6
29/11/1996,757.02,834.01,371.65,87.92,#N/A N/A,#N/A N/A,#N/A N/A,2.97,3.6
31/12/1996,740.74,821.36,369.15,88.12,#N/A N/A,#N/A N/A,#N/A N/A,3.2,4.2
31/01/1997,786.16,921.55,344.25,93.04,#N/A N/A,#N/A N/A,#N/A N/A,3.2,4.2
28/02/1997,790.82,850.46,359.35,94.89,#N/A N/A,#N/A N/A,#N/A N/A,3.2,4.2
31/03/1997,757.12,797.06,348.6,94.72,#N/A N/A,#N/A N/A,#N/A N/A,2.93,2.6
30/04/1997,801.34,874.74,339.95,97.18,#N/A N/A,#N/A N/A,#N/A N/A,2.93,2.6
30/05/1997,848.28,958.85,344.25,94.85,#N/A N/A,#N/A N/A,#N/A N/A,2.93,2.6
30/06/1997,885.14,957.3,334.45,95.67,#N/A N/A,#N/A N/A,#N/A N/A,2.33,6.8
31/07/1997,954.29,1107.03,324.95,99.55,#N/A N/A,#N/A N/A,#N/A N/A,2.33,6.8
29/08/1997,899.47,1074.17,324.25,99,#N/A N/A,#N/A N/A,#N/A N/A,2.33,6.8
30/09/1997,947.28,1097.17,333.45,97.11,#N/A N/A,#N/A N/A,#N/A N/A,2.2,5.1
31/10/1997,914.62,1019.62,312.75,95.64,#N/A N/A,#N/A N/A,#N/A N/A,2.2,5.1
28/11/1997,955.4,1050.51,297,97.77,#N/A N/A,#N/A N/A,#N/A N/A,2.2,5.1
31/12/1997,970.43,990.8,287.35,99.65,#N/A N/A,#N/A N/A,#N/A N/A,1.87,3.5
30/01/1998,980.28,1071.13,301.25,100.72,#N/A N/A,#N/A N/A,#N/A N/A,1.87,3.5
27/02/1998,1049.34,1194.13,298.75,99.83,#N/A N/A,#N/A N/A,#N/A N/A,1.87,3.5
31/03/1998,1101.75,1220.66,301.75,101.5,#N/A N/A,#N/A N/A,#N/A N/A,1.47,4.1
30/04/1998,1111.75,1248.12,309.75,99.71,#N/A N/A,#N/A N/A,#N/A N/A,1.47,4.1
29/05/1998,1090.82,1192.07,293.05,100.48,#N/A N/A,#N/A N/A,#N/A N/A,1.47,4.1
30/06/1998,1133.84,1337.34,297.65,101.17,#N/A N/A,#N/A N/A,#N/A N/A,1.6,3.8
31/07/1998,1120.67,1377.26,288.45,101.14,#N/A N/A,#N/A N/A,#N/A N/A,1.6,3.8
31/08/1998,957.28,1140.34,275.85,100.2,#N/A N/A,#N/A N/A,#N/A N/A,1.6,3.8
30/09/1998,1017.01,1345.48,294.65,96.17,#N/A N/A,#N/A N/A,#N/A N/A,1.6,5.1
30/10/1998,1098.67,1400.52,292.45,93.68,#N/A N/A,#N/A N/A,#N/A N/A,1.6,5.1
30/11/1998,1163.63,1557.96,293.75,96.2,#N/A N/A,#N/A N/A,#N/A N/A,1.6,5.1
31/12/1998,1229.23,1836.01,287.85,94.17,#N/A N/A,#N/A N/A,#N/A N/A,1.53,6.6
29/01/1999,1279.64,2127.19,286.25,96.08,#N/A N/A,#N/A N/A,#N/A N/A,1.53,6.6
26/02/1999,1238.33,1925.28,285.55,98.71,#N/A N/A,#N/A N/A,#N/A N/A,1.53,6.6
31/03/1999,1286.37,2106.39,279.85,100.1,#N/A N/A,#N/A N/A,#N/A N/A,1.67,3.8
30/04/1999,1335.18,2136.39,286.65,101,#N/A N/A,#N/A N/A,#N/A N/A,1.67,3.8
31/05/1999,1301.84,2089.7,270.35,102.28,#N/A N/A,#N/A N/A,#N/A N/A,1.67,3.8
30/06/1999,1372.71,2296.77,261.5,102.85,#N/A N/A,#N/A N/A,#N/A N/A,2.13,3.4
30/07/1999,1328.72,2270.93,255.45,99.75,#N/A N/A,#N/A N/A,#N/A N/A,2.13,3.4
31/08/1999,1320.41,2396.87,255.85,99.95,#N/A N/A,#N/A N/A,#N/A N/A,2.13,3.4
30/09/1999,1282.71,2407.9,300.35,98.54,#N/A N/A,#N/A N/A,#N/A N/A,2.33,5.4
29/10/1999,1362.93,2637.44,301.25,99.06,#N/A N/A,#N/A N/A,#N/A N/A,2.33,5.4
30/11/1999,1388.91,2966.71,292.1,101.99,#N/A N/A,#N/A N/A,#N/A N/A,2.33,5.4
31/12/1999,1469.25,3707.83,288,101.87,100,#N/A N/A,#N/A N/A,2.63,6.7
31/01/2000,1394.46,3570.05,283.6,105.13,101.4198,#N/A N/A,#N/A N/A,2.63,6.7
29/02/2000,1366.42,4266.94,293.3,105.92,106.8118,#N/A N/A,#N/A N/A,2.63,6.7
31/03/2000,1498.58,4397.84,279.73,105.44,108.5058,#N/A N/A,#N/A N/A,3.23,1.5
28/04/2000,1452.43,3773.18,274.5,110.14,107.1376,#N/A N/A,#N/A N/A,3.23,1.5
31/05/2000,1420.6,3324.08,272.6,108.74,107.3561,#N/A N/A,#N/A N/A,3.23,1.5
30/06/2000,1454.6,3763.79,289.15,106.84,109.9194,#N/A N/A,#N/A N/A,3.33,7.5
31/07/2000,1430.83,3609.35,277.25,109.61,110.1855,#N/A N/A,#N/A N/A,3.33,7.5
31/08/2000,1517.68,4077.59,277.25,112.6,114.1389,#N/A N/A,#N/A N/A,3.33,7.5
29/09/2000,1436.51,3570.61,274.25,113.25,113.838,#N/A N/A,#N/A N/A,3.53,0.4
31/10/2000,1429.4,3282.3,264.68,116.65,113.8132,#N/A N/A,#N/A N/A,3.53,0.4
30/11/2000,1314.95,2506.54,269,115.24,113.6013,#N/A N/A,#N/A N/A,3.53,0.4
29/12/2000,1320.28,2341.7,272.25,109.56,117.7179,#N/A N/A,#N/A N/A,3.4,2.4
31/01/2001,1366.01,2593,265.2,110.52,121.3495,#N/A N/A,#N/A N/A,3.4,2.4
28/02/2001,1239.94,1908.32,267.15,112.01,121.0257,#N/A N/A,#N/A N/A,3.4,2.4
30/03/2001,1160.33,1573.25,257.95,117.37,121.6297,#N/A N/A,#N/A N/A,3.37,-1.3
30/04/2001,1249.46,1855.15,263.48,115.76,123.0464,#N/A N/A,#N/A N/A,3.37,-1.3
31/05/2001,1255.82,1799.89,266.6,119.07,125.0722,#N/A N/A,#N/A N/A,3.37,-1.3
29/06/2001,1224.42,1830.19,271.55,119.47,125.8314,#N/A N/A,#N/A N/A,3.37,2.5
31/07/2001,1211.23,1683.61,266.15,117.18,125.4791,#N/A N/A,#N/A N/A,3.37,2.5
31/08/2001,1133.58,1469.7,274.45,113.42,126.2459,#N/A N/A,#N/A N/A,3.37,2.5
28/09/2001,1040.94,1168.37,292.55,113.41,124.6178,#N/A N/A,#N/A N/A,2.67,-1.6
31/10/2001,1059.78,1364.78,279.85,114.86,127.3606,#N/A N/A,#N/A N/A,2.67,-1.6
30/11/2001,1139.45,1596.05,275.05,116.13,128.5687,#N/A N/A,#N/A N/A,2.67,-1.6
31/12/2001,1148.08,1577.05,278.95,116.75,130.7301,#N/A N/A,#N/A N/A,1.87,1.1
31/01/2002,1130.21,1550.17,281.85,120.21,131.6018,#N/A N/A,#N/A N/A,1.87,1.1
28/02/2002,1106.73,1359.22,296.65,119.16,131.4421,#N/A N/A,#N/A N/A,1.87,1.1
29/03/2002,1147.39,1452.81,302.5,118.62,133.7898,#N/A N/A,#N/A N/A,1.23,3.4
30/04/2002,1076.92,1277.07,308.15,115.19,134.4782,#N/A N/A,#N/A N/A,1.23,3.4
31/05/2002,1067.14,1208.34,325.25,111.81,135.9789,#N/A N/A,#N/A N/A,1.23,3.4
28/06/2002,989.81,1051.41,317.25,106.11,136.0195,#N/A N/A,#N/A N/A,1.3,2.5
31/07/2002,911.62,962.11,302.43,107.41,134.5804,#N/A N/A,#N/A N/A,1.3,2.5
30/08/2002,916.07,942.38,312.75,106.98,135.9997,#N/A N/A,#N/A N/A,1.3,2.5
30/09/2002,815.28,832.52,324.05,106.87,135.6137,#N/A N/A,#N/A N/A,1.6,1.6
31/10/2002,885.76,989.54,317.55,106.64,136.1762,#N/A N/A,#N/A N/A,1.6,1.6
29/11/2002,936.31,1116.1,318.95,106.38,138.5708,#N/A N/A,#N/A N/A,1.6,1.6
31/12/2002,879.82,984.36,347.85,101.85,140.199,#N/A N/A,#N/A N/A,2.2,0.5
31/01/2003,855.7,983.05,368.05,99.91,142.0412,#N/A N/A,#N/A N/A,2.2,0.5
28/02/2003,841.15,1009.74,349.75,99.71,142.9577,#N/A N/A,#N/A N/A,2.2,0.5
31/03/2003,848.18,1018.66,335.95,98.88,142.5461,#N/A N/A,#N/A N/A,2.87,2.1
30/04/2003,916.92,1106.06,339.15,97.19,146.2035,#N/A N/A,#N/A N/A,2.87,2.1
30/05/2003,963.59,1197.89,364.55,93.29,151.7146,#N/A N/A,#N/A N/A,2.87,2.1
30/06/2003,974.5,1201.69,346.35,94.73,153.3707,#N/A N/A,#N/A N/A,2.13,3.6
31/07/2003,990.31,1276.94,355.95,96.89,155.2625,#N/A N/A,#N/A N/A,2.13,3.6
29/08/2003,1008.01,1341.2,375.55,98.1,158.3646,#N/A N/A,#N/A N/A,2.13,3.6
30/09/2003,995.97,1303.7,387.28,92.85,160.456,#N/A N/A,#N/A N/A,2.2,6.8
31/10/2003,1050.71,1416.39,383.05,92.73,164.6863,#N/A N/A,#N/A N/A,2.2,6.8
28/11/2003,1058.2,1424.25,397.75,90.23,166.3086,#N/A N/A,#N/A N/A,2.2,6.8
31/12/2003,1111.92,1467.92,415.05,86.92,170.0168,#N/A N/A,#N/A N/A,1.9,4.7
30/01/2004,1131.13,1493.08,401.2,87.2,173.0929,#N/A N/A,#N/A N/A,1.9,4.7
27/02/2004,1144.94,1470.38,397,87.31,176.0834,#N/A N/A,#N/A N/A,1.9,4.7
31/03/2004,1126.21,1438.41,425.1,87.61,177.4497,#N/A N/A,#N/A N/A,1.77,2.3
30/04/2004,1107.31,1401.36,389.3,90.48,174.9363,#N/A N/A,#N/A N/A,1.77,2.3
31/05/2004,1120.68,1466.22,395.35,88.9,174.3865,#N/A N/A,#N/A N/A,1.77,2.3
30/06/2004,1140.84,1516.64,394,88.8,175.0569,#N/A N/A,#N/A N/A,2.9,3.2
30/07/2004,1101.72,1400.39,390.2,89.96,174.1721,#N/A N/A,#N/A N/A,2.9,3.2
31/08/2004,1104.24,1368.68,409.7,88.94,174.4682,#N/A N/A,#N/A N/A,2.9,3.2
30/09/2004,1114.58,1412.74,418.1,87.37,177.5058,#N/A N/A,#N/A N/A,2.73,3.8
29/10/2004,1130.2,1486.72,427.04,84.91,179.4582,#N/A N/A,#N/A N/A,2.73,3.8
30/11/2004,1173.82,1571.5,450.65,81.82,184.8392,#N/A N/A,#N/A N/A,2.73,3.8
31/12/2004,1211.92,1621.12,438.05,80.85,187.5019,100,#N/A N/A,3.33,4.2
31/01/2005,1181.27,1519.63,421.5,83.57,187.1735,100.31,#N/A N/A,3.33,4.2
28/02/2005,1203.6,1511.02,436,82.51,190.5676,100.63,#N/A N/A,3.33,4.2
31/03/2005,1180.59,1482.53,428.24,84.06,189.4721,99.56,#N/A N/A,3.03,4.5
29/04/2005,1156.85,1420.79,436.01,84.43,187.1962,98.96,#N/A N/A,3.03,4.5
31/05/2005,1191.5,1542.63,417.1,87.76,189.4324,99.05,#N/A N/A,3.03,4.5
30/06/2005,1191.33,1493.52,435.88,89.09,192.5011,100.61,#N/A N/A,2.93,2
29/07/2005,1234.18,1605.14,430.55,89.35,195.9437,100.48,#N/A N/A,2.93,2
31/08/2005,1220.33,1581.71,434.53,87.58,197.8814,99.84,#N/A N/A,2.93,2
30/09/2005,1228.81,1601.66,469,89.52,202.2413,102.81,#N/A N/A,3.83,3.2
31/10/2005,1207.01,1579.18,467.4,90.07,200.1169,100.43,#N/A N/A,3.83,3.2
30/11/2005,1249.48,1672.56,494.7,91.57,204.567,103.95,#N/A N/A,3.83,3.2
30/12/2005,1248.29,1645.2,517,91.17,208.7469,105.21,#N/A N/A,3.73,2.3
31/01/2006,1280.09,1710.75,571.95,88.96,215.7331,107.77,#N/A N/A,3.73,2.3
28/02/2006,1280.66,1670.57,561.2,90.11,216.8326,108.08,#N/A N/A,3.73,2.3
31/03/2006,1294.83,1703.66,582.85,89.73,221.2241,107.88,#N/A N/A,3.67,5.5
28/04/2006,1310.61,1700.71,653.23,86.11,226.0668,111.02,#N/A N/A,3.67,5.5
31/05/2006,1270.09,1579.58,642,84.72,222.961,109.69,#N/A N/A,3.67,5.5
30/06/2006,1270.2,1575.23,613.99,85.16,222.3976,106.95,#N/A N/A,4,1
31/07/2006,1276.66,1509.43,633.36,85.3,222.1375,106.74,#N/A N/A,4,1
31/08/2006,1303.82,1579.73,626.28,85.05,224.4996,105.39,#N/A N/A,4,1
29/09/2006,1335.85,1654.13,596.55,86.03,224.9613,104.16,#N/A N/A,3.33,0.6
31/10/2006,1377.94,1732.54,604.8,85.32,229.0306,104.37,#N/A N/A,3.33,0.6
30/11/2006,1400.63,1791.25,647.5,82.95,234.1021,104.69,#N/A N/A,3.33,0.6
29/12/2006,1418.3,1756.9,635.7,83.65,237.8834,105.94,#N/A N/A,1.93,3.4
31/01/2007,1438.24,1792.28,650.53,84.6,240.9784,105.54,#N/A N/A,1.93,3.4
28/02/2007,1406.82,1761.65,667.89,83.57,242.6464,105.3,#N/A N/A,1.93,3.4
30/03/2007,1420.86,1772.36,665.05,82.93,244.6069,105.96,#N/A N/A,2.43,1.2
30/04/2007,1482.37,1867.75,680.85,81.447,249.3408,105.08,#N/A N/A,2.43,1.2
31/05/2007,1530.62,1928.19,659.45,82.301,254.6549,106.31,#N/A N/A,2.43,1.2
29/06/2007,1503.35,1934.1,650.9,81.92,257.5537,107.59,#N/A N/A,2.67,2.6
31/07/2007,1455.28,1932.06,665.15,80.77,258.9004,109.49,#N/A N/A,2.67,2.6
31/08/2007,1473.99,1988.73,673,80.791,255.882,110.43,#N/A N/A,2.67,2.6
28/09/2007,1526.75,2091.11,743.75,77.719,263.4654,110.78,#N/A N/A,2.4,2.4
31/10/2007,1549.38,2238.98,790.5,76.479,270.7857,113.68,#N/A N/A,2.4,2.4
30/11/2007,1481.14,2089.1,782.92,76.147,267.4415,114.92,#N/A N/A,2.4,2.4
31/12/2007,1468.36,2084.93,833.05,76.695,270.0684,115.79,100,3.97,2.5
31/01/2008,1378.55,1841.42,924.49,75.178,264.9537,119.36,103.06,3.97,2.5
29/02/2008,1330.63,1745.27,973.08,73.714,271.3427,123.25,102.7,3.97,2.5
31/03/2008,1322.7,1781.93,920.96,71.802,266.5666,126.05,101.06,4.1,-1.6
30/04/2008,1385.59,1917.7,867.03,72.509,270.5623,119.76,100.05,4.1,-1.6
30/05/2008,1400.38,2032.57,885.43,72.879,275.344,123.42,99.37,4.1,-1.6
30/06/2008,1280,1837.09,923.56,72.463,273.5496,126.12,96.49,4.37,2.3
31/07/2008,1267.38,1849.15,917.43,73.227,269.014,131.57,99.39,4.37,2.3
29/08/2008,1282.83,1872.54,831.86,77.381,266.7924,138.76,100.13,4.37,2.3
30/09/2008,1166.36,1594.63,875.55,79.448,254.7282,149.85,106.11,5.3,-2.1
31/10/2008,968.75,1334.78,721.8,85.633,243.0207,148.05,113.33,5.3,-2.1
28/11/2008,896.24,1185.75,817.68,86.517,240.1572,153.51,113.31,5.3,-2.1
31/12/2008,903.25,1211.65,875.43,81.308,242.904,168.83,112.58,1.63,-8.5
30/01/2009,825.88,1180.25,927.85,85.999,243.7906,170.67,114.26,1.63,-8.5
27/02/2009,735.09,1116.99,942.32,88.008,241.7163,170.51,112.65,1.63,-8.5
31/03/2009,797.87,1237.01,919.9,85.43,245.9441,168.93,112.51,-0.07,-4.6
30/04/2009,872.81,1394.33,887.95,84.614,254.9788,170.56,109.33,-0.07,-4.6
29/05/2009,919.14,1435.57,975.75,79.348,267.8885,172.23,109.67,-0.07,-4.6
30/06/2009,919.32,1477.25,930,80.133,269.2128,170.87,104.08,-1.13,-0.7
31/07/2009,987.48,1603.36,954,78.347,276.0385,170.96,104.84,-1.13,-0.7
31/08/2009,1020.63,1625.19,950.94,78.172,280.3162,171.46,105.13,-1.13,-0.7
30/09/2009,1057.08,1718.99,1007.6,76.653,287.7887,173.93,102.99,-1.63,1.5
30/10/2009,1036.2,1667.13,1045.45,76.3,287.7567,173.79,105.62,-1.63,1.5
30/11/2009,1095.63,1767.43,1173.38,74.879,292.8669,177.6,110.33,-1.63,1.5
31/12/2009,1115.1,1860.31,1098.65,77.86,296.3332,173.86,105.46,1.43,4.3
29/01/2010,1073.87,1741.04,1081.2,79.462,294.9502,174.33,101.04,1.43,4.3
26/02/2010,1104.49,1818.68,1117.59,80.362,297.2696,175.62,101.71,1.43,4.3
31/03/2010,1169.43,1958.34,1114.49,81.073,304.2306,173.25,100.2,2.33,2
30/04/2010,1186.69,2000.63,1179.03,81.866,307.8706,175.81,101.95,2.33,2
31/05/2010,1089.41,1852.39,1216.45,86.588,300.5934,181.14,107.54,2.33,2
30/06/2010,1030.71,1739.14,1241.68,86.019,299.3669,183.92,109.28,1.77,3.9
30/07/2010,1101.6,1864,1181,81.539,304.1114,184.02,104.82,1.77,3.9
31/08/2010,1049.33,1767.43,1248.45,83.202,305.3868,187.28,107.82,1.77,3.9
30/09/2010,1141.2,1998.04,1307.6,78.72,315.0141,190.07,106.13,1.13,3.1
29/10/2010,1183.26,2124.45,1359.4,77.266,321.8722,191.2,104.42,1.13,3.1
30/11/2010,1180.55,2117.33,1388.53,81.195,322.7718,190.53,106.86,1.13,3.1
31/12/2010,1257.64,2217.86,1421.4,79.028,331.6011,195.35,105.56,1.27,2.1
31/01/2011,1286.12,2281.91,1337.14,77.735,332.8691,193.94,103.23,1.27,2.1
28/02/2011,1327.22,2350.99,1411.88,76.889,336.6657,195.09,101.91,1.27,2.1
31/03/2011,1325.83,2338.99,1437.78,75.857,337.691,199.61,101.78,2.13,-1
29/04/2011,1363.61,2404.08,1563.7,72.933,342.7755,202.53,100.08,2.13,-1
31/05/2011,1345.2,2372.54,1536.23,74.638,340.0672,200.37,98.44,2.13,-1
30/06/2011,1320.64,2325.07,1504.72,74.303,336.541,199.82,96.79,3.47,2.7
29/07/2011,1292.28,2362.81,1627.05,73.897,338.0627,203.33,97.86,3.47,2.7
31/08/2011,1218.89,2241.01,1834.99,74.117,330.5673,212.18,124.8,3.47,2.7
30/09/2011,1131.42,2139.18,1623.79,78.553,322.0298,214.37,132.84,3.77,-0.2
31/10/2011,1253.3,2360.08,1724.48,76.166,328.9074,212.29,125.96,3.77,-0.2
30/11/2011,1246.96,2295.2,1745.59,78.384,326.1368,217.37,125.95,3.77,-0.2
30/12/2011,1257.61,2277.83,1564.91,80.178,326.3659,220.4,122.87,3.3,4.6
31/01/2012,1312.41,2467.95,1730.91,79.288,334.1109,219.07,119.34,3.3,4.6
29/02/2012,1365.68,2623.1,1721.9,78.737,340.8449,219.32,117.25,3.3,4.6
30/03/2012,1408.47,2755.27,1668.15,79.004,340.8942,220.8,112.14,2.83,3.3
30/04/2012,1397.91,2723.68,1663.81,78.776,340.1376,224.78,108.97,2.83,3.3
31/05/2012,1310.33,2524.87,1566.84,83.043,334.537,231.17,114.58,2.83,3.3
29/06/2012,1362.16,2615.72,1597.45,81.627,335.6496,228.95,109.08,1.9,1.8
31/07/2012,1379.32,2642.53,1615.73,82.635,339.5815,229.61,108.69,1.9,1.8
31/08/2012,1406.58,2772.24,1691.85,81.208,342.3234,228.64,107.05,1.9,1.8
28/09/2012,1440.67,2799.19,1772.25,79.935,345.8648,225.52,103.93,1.7,0.7
31/10/2012,1412.16,2647.92,1719.35,79.919,345.4132,222.45,102.04,1.7,0.7
30/11/2012,1416.18,2677.88,1714.98,80.153,347.3555,221.04,97.97,1.7,0.7
31/12/2012,1426.19,2660.93,1676.23,79.769,352.0529,221,96.81,1.9,0.4
31/01/2013,1498.11,2731.53,1662.51,79.207,359.7859,217.69,94.25,1.9,0.4
28/02/2013,1514.68,2738.58,1581.4,81.949,360.6446,216.85,93.34,1.9,0.4
29/03/2013,1569.19,2818.69,1597.5,82.976,363.6845,216.95,92.92,1.7,3.5
30/04/2013,1597.57,2887.44,1471.96,81.746,366.4879,217.92,94.04,1.7,3.5
31/05/2013,1630.74,2981.76,1387.8,83.375,368.4886,220.62,93.18,1.7,3.5
28/06/2013,1606.28,2909.6,1234.53,83.136,363.631,217.59,93.14,1.43,0.6
31/07/2013,1685.73,3090.19,1308.29,81.452,368.3792,214.03,90.41,1.43,0.6
30/08/2013,1632.97,3073.81,1395.27,82.087,367.2239,215.39,90.26,1.43,0.6
30/09/2013,1681.55,3218.2,1331.77,80.221,372.2922,212.63,89.63,1.57,3.2
31/10/2013,1756.54,3377.73,1323.66,80.195,378.2149,211.91,88.11,1.57,3.2
29/11/2013,1805.81,3487.82,1253.35,80.68,381.4301,212.89,87.51,1.57,3.2
31/12/2013,1848.36,3592,1204.99,80.035,385.4193,211.18,86.18,1.23,2.9
31/01/2014,1782.59,3521.92,1244.55,81.311,384.3507,211.94,86.21,1.23,2.9
28/02/2014,1859.45,3696.1,1326.39,79.691,391.1816,211.53,85.73,1.23,2.9
31/03/2014,1872.34,3595.74,1286.92,80.1,390.5617,210.48,84.14,1.4,-1.4
30/04/2014,1883.95,3582.02,1293.5,79.474,390.5758,209.23,83.71,1.4,-1.4
30/05/2014,1923.57,3736.82,1249.68,80.369,394.6746,207.88,83.19,1.4,-1.4
30/06/2014,1960.23,3849.48,1318.35,79.775,399.059,208.5,83.82,2.07,5.2
31/07/2014,1930.67,3892.5,1282.28,81.456,398.705,207.93,82.39,2.07,5.2
29/08/2014,2003.37,4082.56,1287.32,82.748,403.433,207.43,82.25,2.07,5.2
30/09/2014,1972.29,4049.45,1208.67,85.936,402.4663,206.91,81.07,1.8,4.7
31/10/2014,2018.05,4158.21,1172.94,86.917,401.7045,208.33,78.86,1.8,4.7
28/11/2014,2067.56,4337.79,1167.38,88.356,406.0032,211.67,81.49,1.8,4.7
31/12/2014,2058.9,4236.28,1187.96,90.269,406.2458,214.51,83.41,1.27,1.8
30/01/2015,1994.99,4148.43,1283.79,94.804,409.678,219.36,83.36,1.27,1.8
27/02/2015,2104.5,4440.67,1213.18,95.293,416.8241,216.51,81.3,1.27,1.8
31/03/2015,2067.89,4333.69,1183.88,98.357,420.008,219.71,81.58,-0.07,3.3
30/04/2015,2085.51,4414.25,1181.44,94.6,424.013,217.1,79.45,-0.07,3.3
29/05/2015,2107.39,4508.25,1190.58,96.907,427.4572,216.58,78.86,-0.07,3.3
30/06/2015,2063.11,4396.76,1173.76,95.485,422.5235,215.78,78.45,-0.03,2.3
31/07/2015,2103.84,4588.91,1095.8,97.336,422.8305,213.49,75.82,-0.03,2.3
31/08/2015,1972.18,4274.58,1133.72,95.824,414.8269,217.86,81.36,-0.03,2.3
30/09/2015,1920.03,4181.06,1114.9,96.35,411.6243,218.14,80.77,0.13,1.3
30/10/2015,2079.36,4648.83,1142.11,96.946,417.7974,215.07,77.93,0.13,1.3
30/11/2015,2080.41,4664.51,1064.17,100.17,419.9244,215.78,78.03,0.13,1.3
31/12/2015,2043.94,4593.27,1062.19,98.631,417.0116,212.22,75.48,0.47,0.6
29/01/2016,1940.24,4279.17,1118.21,99.606,409.5198,218.05,78.11,0.47,0.6
29/02/2016,1932.23,4201.12,1232.07,98.211,409.9378,216.33,77.32,0.47,0.6
31/03/2016,2059.74,4483.66,1232.44,94.586,416.7106,211.54,74.27,1.1,2.4
29/04/2016,2065.3,4341.3,1293.53,93.082,420.4969,210.32,73.53,1.1,2.4
31/05/2016,2096.96,4523.89,1214.88,95.891,422.4461,209.63,72.35,1.1,2.4
30/06/2016,2098.86,4417.7,1316.13,96.143,423.5746,211.5,70.26,1.03,1.2
29/07/2016,2173.6,4730.23,1351.28,95.53,431.0694,209.35,68.53,1.03,1.2
31/08/2016,2170.95,4771.06,1308.17,96.022,432.9097,208.92,68.53,1.03,1.2
30/09/2016,2168.27,4875.7,1315.87,95.463,435.3422,207.36,66.76,1.13,2.4
31/10/2016,2126.15,4801.27,1273.76,98.445,434.3013,206.31,65.01,1.13,2.4
30/11/2016,2198.81,4810.81,1174.94,101.5,435.9838,205.94,65.14,1.13,2.4
30/12/2016,2238.83,4863.62,1147.5,102.21,439.9235,206.23,66.57,1.8,2
31/01/2017,2278.87,5116.77,1210.59,99.512,444.6002,203.4,64.72,1.8,2
28/02/2017,2363.64,5330.31,1256.37,101.12,449.5166,201.51,64.31,1.8,2
31/03/2017,2362.72,5436.23,1249.2,100.35,451.9618,197.27,63,2.53,1.7
28/04/2017,2384.2,5583.53,1268.28,99.05,454.743,196.1,62.23,2.53,1.7
31/05/2017,2411.8,5788.8,1269.86,96.922,456.4545,195.1,61.59,2.53,1.7
30/06/2017,2423.41,5646.92,1241.61,95.628,457.117,193.03,60.94,1.9,2
31/07/2017,2470.3,5880.33,1267.9,92.863,462.0592,189.81,59.99,1.9,2
31/08/2017,2471.65,5988.6,1316.96,92.668,465.3581,190.81,59.22,1.9,2
29/09/2017,2519.36,5979.3,1279.75,93.076,468.4216,187.82,59.33,1.93,3.4
31/10/2017,2575.26,6248.56,1270.34,94.552,474.2029,186.07,59.01,1.93,3.4
30/11/2017,2647.58,6365.56,1271.72,93.047,475.6392,184.13,57.63,1.93,3.4
29/12/2017,2673.61,6396.42,1302.8,92.124,480.1625,183.65,57.1,2.1,4.1
31/01/2018,2823.81,6949.99,1339.79,89.133,490.0866,182.73,57.47,2.1,4.1
28/02/2018,2713.83,6854.42,1319.32,90.613,483.4685,182.66,57.31,2.1,4.1
30/03/2018,2640.87,6581.13,1325.48,89.974,480.8572,182.5,56.64,2.23,2.8
30/04/2018,2648.05,6605.57,1317.16,91.841,483.5368,177.24,56.94,2.23,2.8
31/05/2018,2705.27,6967.73,1301.91,93.979,485.1972,176.48,56.47,2.23,2.8
29/06/2018,2718.37,7040.8,1252.6,94.47,483.4536,175.05,55.93,2.73,2.8
31/07/2018,2816.29,7231.98,1226.1,94.554,485.7311,172.26,56.04,2.73,2.8
31/08/2018,2901.52,7654.55,1200.12,95.14,486.0545,171.27,54.64,2.73,2.8
28/09/2018,2913.98,7627.65,1192.52,95.132,485.867,170.73,54.12,2.63,2.9
31/10/2018,2711.74,6967.1,1213.34,97.127,474.8266,177.09,54,2.63,2.9
30/11/2018,2760.17,6949.01,1220.52,97.272,473.5275,175.47,53.21,2.63,2.9
31/12/2018,2506.85,6329.96,1281.58,96.173,465.8573,185.17,53.82,2.2,0.7
31/01/2019,2704.1,6906.84,1322.06,95.578,477.792,176.23,52.55,2.2,0.7
28/02/2019,2784.49,7097.53,1315.29,96.157,483.1606,174.57,53.01,2.2,0.7
29/03/2019,2834.4,7378.77,1292.38,97.284,486.8757,173.89,52.85,1.67,2.2
30/04/2019,2945.83,7781.46,1283.61,97.479,492.5362,171.36,52.76,1.67,2.2
31/05/2019,2752.06,7127.96,1305.58,97.75,487.486,173.62,51.84,1.67,2.2
28/06/2019,2941.76,7671.08,1409.55,96.13,496.6511,171.26,52.63,1.8,2.7
31/07/2019,2980.38,7848.78,1424.61,98.516,499.7016,169.81,51.78,1.8,2.7
30/08/2019,2926.46,7691,1520.38,98.916,498.1688,175.14,52.11,1.8,2.7
30/09/2019,2976.74,7749.45,1470.54,99.377,498.049,172.15,51.25,1.73,3.6
31/10/2019,3037.56,8083.83,1512.41,97.352,500.6443,170.11,49.94,1.73,3.6
29/11/2019,3140.98,8403.69,1463.97,98.273,504.799,167.65,48.77,1.73,3.6
31/12/2019,3230.78,8733.07,1522.81,96.389,512.6834,165.05,48.22,2.07,1.8
31/01/2020,3225.52,8991.51,1589.16,97.39,514.5849,165.65,48.92,2.07,1.8
28/02/2020,2954.22,8461.83,1585.69,98.132,504.6683,181,55.16,2.07,1.8
31/03/2020,2584.59,7813.5,1597.89,99.048,470.6703,217.58,75.81,2.1,-4.6
30/04/2020,2912.43,9000.51,1687.67,99.016,491.7697,213.75,72.89,2.1,-4.6
29/05/2020,3044.31,9555.52,1730.27,98.344,503.1527,212.98,71.46,2.1,-4.6
30/06/2020,3100.29,10156.85,1783.68,97.391,513.4123,214.32,72.01,0.33,-29.9
31/07/2020,3271.12,10905.88,1975.86,93.349,527.556,216.57,71.45,0.33,-29.9
31/08/2020,3500.31,12110.7,1971.9,92.144,538.4701,216.42,71,0.33,-29.9
30/09/2020,3363,11418.06,1897.9,93.886,534.2268,213.13,68.49,1.23,35.3
30/10/2020,3269.96,11052.95,1878.81,94.038,534.103,211.6,67.35,1.23,35.3
30/11/2020,3621.63,12268.32,1778.1,91.869,560.9854,204.39,64.17,1.23,35.3
31/12/2020,3756.07,12888.28,1894.36,89.937,581.0162,206.99,65.03,1.27,3.9
29/01/2021,3714.24,12925.38,1847.65,90.584,587.6571,206.41,64.58,1.27,3.9
26/02/2021,3811.15,12909.44,1734.04,90.879,603.0932,204.82,64.18,1.27,3.9
31/03/2021,3972.89,13091.44,1712.02,93.232,609.9176,199.81,63.34,1.9,6.3
30/04/2021,4181.17,13860.76,1769.13,91.28,622.0355,196.37,62.65,1.9,6.3
31/05/2021,4204.11,13686.51,1906.75,89.829,627.5279,196.67,62.55,1.9,6.3
30/06/2021,4297.5,14554.8,1772.28,92.436,630.3456,193.55,61.77,4.87,7
30/07/2021,4395.26,14959.9,1814.19,92.174,628.6442,192.79,61.01,4.87,7
31/08/2021,4522.68,15582.51,1814.06,92.626,634.6636,190.57,60.1,4.87,7
30/09/2021,4307.54,14689.62,1758.27,94.23,630.4062,191.58,59.93,5.37,2.7
29/10/2021,4605.38,15850.47,1783.38,94.123,638.7095,190,59.79,5.37,2.7
30/11/2021,4567,16135.92,1774.36,95.994,631.6251,191.88,59.45,5.37,2.7
31/12/2021,4766.18,16320.08,1829.2,95.67,636.9966,187.3,58.33,6.67,7
31/01/2022,4515.55,14930.05,1797,96.54,626.6574,189.66,57.63,6.67,7
28/02/2022,4373.94,14237.81,1899.26,96.707,623.2546,190.49,59.08,6.67,7
31/03/2022,4530.41,14838.49,1944.45,98.312,629.9007,193.28,60.67,7.97,-1.6
29/04/2022,4131.93,12854.8,1896.93,102.959,622.6735,204.71,64.37,7.97,-1.6
31/05/2022,4132.15,12642.1,1845.97,101.752,618.6914,198.99,62.37,7.97,-1.6
30/06/2022,3785.38,11503.72,1809.95,104.685,601.5739,205.17,64.71,8.67,-0.6
29/07/2022,4130.29,12947.97,1765.94,105.903,611.015,202.77,63.38,8.67,-0.6
31/08/2022,3955,12272.03,1716.22,108.7,611.7484,205.05,64.35,8.67,-0.6
30/09/2022,3585.62,10971.22,1660.61,112.117,598.4518,213.21,66.23,8.33,-0.6
